,Modelo,Accuracy,F1 Score (Churn),AUC ROC
0,Logistic Regression,0.800285378234493,0.5944046900352014,0.8484013174952899
1,Random Forest,0.8025184680780818,0.5778572247805335,0.8455027472776836
2,XGBoost,0.8061745284965539,0.5933083979137008,0.8493742663658747
