Modelo,Accuracy,F1 Score (Churn),AUC ROC
XGBoost,0.8061745284965539,0.5933083979137008,0.8493742663658747
Logistic Regression,0.7998790805166934,0.5949103847491738,0.8479609251436431
Random Forest,0.804957905162808,0.5822856606398349,0.8456346580154939
Decision Tree,0.7663550823325491,0.5465554968053798,0.7541728874478535
