Modelo,Accuracy,Precision,Recall,F1 Score,ROC AUC
Logistic Regression (Escalado),0.8236966824644549,0.6938775510204082,0.604982206405694,0.6463878326996197,0.8532580209109217
Logistic Regression (Sin Escalar),0.8246445497630331,0.6967213114754098,0.604982206405694,0.6476190476190476,0.8531660643512005
Random Forest,0.7924170616113744,0.6422018348623854,0.498220640569395,0.561122244488978,0.8305953267676349
XGBoost,0.790521327014218,0.6293103448275862,0.5195729537366548,0.5692007797270955,0.8274389178552051
Decision Tree,0.7251184834123223,0.4850498338870432,0.5195729537366548,0.5017182130584192,0.6610803056636044
