Modelo,Accuracy,Precision,Recall,F1 Score,ROC AUC
Logistic Regression (Escalado),0.8236966824644549,0.6938775510204082,0.604982206405694,0.6463878326996197,0.8532580209109217
Logistic Regression (Sin Escalar),0.8246445497630331,0.6967213114754098,0.604982206405694,0.6476190476190476,0.853212042631061
XGBoost,0.790521327014218,0.6293103448275862,0.5195729537366548,0.5692007797270955,0.8274389178552051
Random Forest,0.7895734597156399,0.6384976525821596,0.48398576512455516,0.5506072874493927,0.8228732746650482
Decision Tree,0.728909952606635,0.49174917491749176,0.5302491103202847,0.5102739726027398,0.6670666777014537
