Modelo,Accuracy,Precision,Recall,F1 Score,ROC AUC
Logistic Regression (Ajustado),0.8227488151658767,0.6942148760330579,0.597864768683274,0.6424474187380497,0.8529453686078696
XGBoost (Ajustado),0.8056872037914692,0.680952380952381,0.5088967971530249,0.5824847250509165,0.8515499278141007
Random Forest (Ajustado),0.8075829383886256,0.6893203883495146,0.505338078291815,0.5831622176591376,0.8496717150817954
Decision Tree (Ajustado),0.7630331753554502,0.5665236051502146,0.4697508896797153,0.5136186770428015,0.7623267768306252
